{
  "Random Forest": {
    "train_acc": 0.9787020796792784,
    "test_acc": 0.9418837675350702,
    "macro_f1": 0.9476349569404584,
    "weighted_f1": 0.9424739548508811,
    "overfit_gap": 0.036818312144208165
  },
  "Calibrated SVM": {
    "train_acc": 0.961413179654222,
    "test_acc": 0.9448897795591182,
    "macro_f1": 0.9351563966984704,
    "weighted_f1": 0.9444728666529122,
    "overfit_gap": 0.01652340009510378
  },
  "RF+SVM Ensemble": {
    "train_acc": 0.9784515159107993,
    "test_acc": 0.9468937875751503,
    "macro_f1": 0.950986442398842,
    "weighted_f1": 0.9468256647118791,
    "overfit_gap": 0.03155772833564896
  }
}